{"cameraMode":{"drawMode":0,"name":"Shaded","section":"Shading Mode"},"sceneLighting":true,"audioPlay":false,"sceneViewState":{"m_AlwaysRefresh":false,"showFog":true,"showSkybox":true,"showFlares":true,"showImageEffects":true,"showParticleSystems":true,"showVisualEffectGraphs":true,"m_FxEnabled":true},"in2DMode":false,"pivot":{"x":0.5147212743759155,"y":4.431064605712891,"z":1.540147304534912},"rotation":{"x":0.12507936358451844,"y":-0.010411655530333519,"z":0.0013228531461209059,"w":0.9921374917030335},"size":1.5148403644561768,"orthographic":false}