{"cameraMode":{"drawMode":0,"name":"Shaded","section":"Shading Mode"},"sceneLighting":true,"audioPlay":false,"sceneViewState":{"m_AlwaysRefresh":false,"showFog":true,"showSkybox":true,"showFlares":true,"showImageEffects":true,"showParticleSystems":true,"showVisualEffectGraphs":true,"m_FxEnabled":true},"in2DMode":false,"pivot":{"x":0.8580226302146912,"y":-0.8736176490783691,"z":-84.76710510253906},"rotation":{"x":0.009558634832501412,"y":0.9549276828765869,"z":-0.2950895130634308,"w":0.030938683077692987},"size":12.004820823669434,"orthographic":false}